ID,folder,filename
1,2006 EOS Redacted,06-EOS06-0118 Redacted
2,2006 IDS Redacted,06-IDS06-0018 Redacted
3,2006 IDS Redacted,06-IDS06-0040 Redacted
4,2006 IDS Redacted,06-IDS06-0045 Redacted
5,2006 IDS Redacted,06-IDS06-0071 Redacted
6,2006 IDS Redacted,06-IDS06-0078 Redacted
7,2006 IDS Redacted,06-IDS06-0093 Redacted
8,2006 IDS Redacted,06-IDS06-0112 Redacted
9,2006 IDS Redacted,06-IDS06-0116 Redacted
10,2006 IDS Redacted,06-IDS06-0122 Redacted
11,2006 IDS Redacted,06-IDS06-0125 Redacted
12,2007 Decisions Redacted,07-DEC07-0036 Redacted
13,2007 Decisions Redacted,07-DEC07-0039 Redacted
14,2007 Decisions Redacted,07-DEC07-0042 Redacted
15,2007 Decisions Redacted,07-DEC07-0087 Redacted
16,2007 Decisions Redacted,07-DEC07-0098 Redacted
17,2007 Decisions Redacted,07-DEC07-0107 Redacted
18,2007 Decisions Redacted,07-DEC07-0109 Redacted
19,2008 Biodiversity Redacted,08-BIODIV-0001 Redacted
20,2008 Biodiversity Redacted,08-BIODIV-0007 Redacted
21,2008 Biodiversity Redacted,08-BIODIV-0010 Redacted
22,2008 Biodiversity Redacted,08-BIODIV-0017 Redacted
23,2008 Biodiversity Redacted,08-BIODIV-0029 Redacted
24,2008 Biodiversity Redacted,08-BIODIV-0037 Redacted
25,2008 Biodiversity Redacted,08-BIODIV-0043 Redacted
26,2008 Biodiversity Redacted,08-BIODIV-0052 Redacted
27,2008 Biodiversity Redacted,08-BIODIV-0053 Redacted
28,2008 Decisions Redacted,08-DEC08-0060 Redacted
29,2008 Decisions Redacted,08-DEC08-0083 Redacted
30,2008 Decisions Redacted,08-DEC08-0117 Redacted
31,2008 Feasability Redacted,08-FEAS08-0001 Redacted
32,2008 Feasability Redacted,08-FEAS08-0074 Redacted
33,2009 IDS Redacted,09-IDS09-0097 Redacted
34,2010 A30 Bioclim Redacted,10-BIOCLIM10-0002 Redacted
35,2010 A30 Bioclim Redacted,10-BIOCLIM10-0006 Redacted
36,2010 A30 Bioclim Redacted,10-BIOCLIM10-0012 Redacted
37,2010 A30 Bioclim Redacted,10-BIOCLIM10-0014 Redacted
38,2010 A30 Bioclim Redacted,10-BIOCLIM10-0016 Redacted
39,2010 A30 Bioclim Redacted,10-BIOCLIM10-0027 Redacted
40,2010 A30 Bioclim Redacted,10-BIOCLIM10-0034 Redacted
41,2010 A30 Bioclim Redacted,10-BIOCLIM10-0055 Redacted
42,2010 A30 Bioclim Redacted,10-BIOCLIM10-0067 Redacted
43,2010 A30 Bioclim Redacted,10-BIOCLIM10-0078 Redacted
44,2010 A30 Bioclim Redacted,10-BIOCLIM10-0079 Redacted
45,2010 A30 Bioclim Redacted,10-BIOCLIM10-0080 Redacted
46,2010 A30 Bioclim Redacted,10-BIOCLIM10-0094 Redacted
47,2010 A30 Bioclim Redacted,10-BIOCLIM10-0097 Redacted
48,2010 A30 Bioclim Redacted,10-BIOCLIM10-0112 Redacted
49,2010 A30 Bioclim Redacted,10-BIOCLIM10-0133 Redacted
50,2010 A30 Bioclim Redacted,10-BIOCLIM10-0147 Redacted
51,2012 A36 Ecological Forecasting Redacted,12-ECOF12-0009 Redacted
52,2012 A36 Ecological Forecasting Redacted,12-ECOF12-0010 Redacted
53,2012 A36 Ecological Forecasting Redacted,12-ECOF12-0023 Redacted
54,2012 A36 Ecological Forecasting Redacted,12-ECOF12-0025 Redacted
55,2012 A36 Ecological Forecasting Redacted,12-ECOF12-0026 Redacted
56,2012 A36 Ecological Forecasting Redacted,12-ECOF12-0031 Redacted
57,2012 A36 Ecological Forecasting Redacted,12-ECOF12-0037 Redacted
58,2012 A36 Ecological Forecasting Redacted,12-ECOF12-0041 Redacted
59,2012 A36 Ecological Forecasting Redacted,12-ECOF12-0055 Redacted
60,2012 A36 Ecological Forecasting Redacted,12-ECOF12-0062 Redacted
61,2012 A36 Ecological Forecasting Redacted,12-ECOF12-0063 Redacted
62,2015 A6 Biodiversity Redacted,15-BIODIV15-0007 Redacted
63,2015 A6 Biodiversity Redacted,15-BIODIV15-0013 Redacted
64,2015 A6 Biodiversity Redacted,15-BIODIV15-0015 Redacted
65,2015 A6 Biodiversity Redacted,15-BIODIV15-0016 Redacted
66,2015 A6 Biodiversity Redacted,15-BIODIV15-0018 Redacted
67,2015 A6 Biodiversity Redacted,15-BIODIV15-0019 Redacted
68,2015 A6 Biodiversity Redacted,15-BIODIV15-0022 Redacted
69,2016 A46 Ecological Forecasting Redacted,16-ECO4CAST-0002 Redacted
70,2016 A46 Ecological Forecasting Redacted,16-ECO4CAST-0004 Redacted
71,2016 A46 Ecological Forecasting Redacted,16-ECO4CAST-0006 Redacted
72,2016 A46 Ecological Forecasting Redacted,16-ECO4CAST-0012 Redacted
73,2016 A46 Ecological Forecasting Redacted,16-ECO4CAST-0014 Redacted
74,2016 A46 Ecological Forecasting Redacted,16-ECO4CAST-0015 Redacted
75,2016 A46 Ecological Forecasting Redacted,16-ECO4CAST-0017 Redacted
76,2016 A46 Ecological Forecasting Redacted,16-ECO4CAST-0018 Redacted
77,2016 A46 Ecological Forecasting Redacted,16-ECO4CAST-0020 Redacted
78,2016 A46 Ecological Forecasting Redacted,16-ECO4CAST-0022 Redacted
79,2016 A46 Ecological Forecasting Redacted,16-ECO4CAST-0025 Redacted
80,2016 A46 Ecological Forecasting Redacted,16-ECO4CAST-0026 Redacted
81,2016 A46 Ecological Forecasting Redacted,16-ECO4CAST-0032 Redacted
82,2016 A50 GEO Redacted,16-GEO16-0020 Redacted
83,2016 A50 GEO Redacted,16-GEO16-0027 Redacted
84,2016 A50 GEO Redacted,16-GEO16-0031 Redacted
85,2016 A50 GEO Redacted,16-GEO16-0036 Redacted
86,2016 A50 GEO Redacted,16-GEO16-0052 Redacted
87,2016 A50 GEO Redacted,16-GEO16-0066 Redacted
88,2016 A50 GEO Redacted,16-GEO16-0073 Redacted
89,2016 A50 GEO Redacted,16-GEO16-0078 Redacted
90,2016 A50 GEO Redacted,16-GEO16-0112 Redacted
91,2016 A50 GEO Redacted,16-GEO16-0113 Redacted
92,2016 IDS Redacted,16-IDS16-0029 Redacted
93,2016 IDS Redacted,16-IDS16-0051 Redacted
94,2016 IDS Redacted,16-IDS16-0065 Redacted
95,2016 IDS Redacted,16-IDS16-0074 Redacted
96,2016 IDS Redacted,16-IDS16-0079 Redacted
97,2016 IDS Redacted,16-IDS16-0095 Redacted
98,2018 A.8 Bioclim SLSCVC Redacted,18-SLSCVC18-0001 Redacted
99,2018 A.8 Bioclim SLSCVC Redacted,18-SLSCVC18-0005 Redacted
100,2018 A.8 Bioclim SLSCVC Redacted,18-SLSCVC18-0006 Redacted
101,2018 A.8 Bioclim SLSCVC Redacted,18-SLSCVC18-0018 Redacted
102,2018 A.8 Bioclim SLSCVC Redacted,18-SLSCVC18-0019 Redacted
103,2018 A.8 Bioclim SLSCVC Redacted,18-SLSCVC18-0020 Redacted
104,2018 A.8 Bioclim SLSCVC Redacted,18-SLSCVC18-0022 Redacted
105,2018 A.8 Bioclim SLSCVC Redacted,18-SLSCVC18-0031 Redacted
106,2018 A.8 Bioclim SLSCVC Redacted,18-SLSCVC18-0032 Redacted
107,2018 A.8 Bioclim SLSCVC Redacted,18-SLSCVC18-0049 Redacted
108,2018 A.8 Bioclim SLSCVC Redacted,18-SLSCVC18-0050 Redacted
109,2018 A.8 Bioclim SLSCVC Redacted,18-SLSCVC18-0051 Redacted
110,2018 A.8 Bioclim SLSCVC Redacted,18-SLSCVC18-0052 Redacted
111,2018 A.8 Bioclim SLSCVC Redacted,18-SLSCVC18-0057 Redacted
112,2018 A.8 Bioclim SLSCVC Redacted,18-SLSCVC18-0061 Redacted
113,2018 A.8 Bioclim SLSCVC Redacted,18-SLSCVC18-0064 Redacted
114,2020 A39 Ecological Forecasting Redacted,20-ECOF20-0003 Redacted
115,2020 A39 Ecological Forecasting Redacted,20-ECOF20-0006 Redacted
116,2020 A39 Ecological Forecasting Redacted,20-ECOF20-0008 Redacted
117,2020 A39 Ecological Forecasting Redacted,20-ECOF20-0009 Redacted
118,2020 A39 Ecological Forecasting Redacted,20-ECOF20-0011 Redacted
119,2020 A39 Ecological Forecasting Redacted,20-ECOF20-0014 Redacted
120,2020 A39 Ecological Forecasting Redacted,20-ECOF20-0017 Redacted
121,2020 A39 Ecological Forecasting Redacted,20-ECOF20-0018 Redacted
122,2020 A39 Ecological Forecasting Redacted,20-ECOF20-0019 Redacted
123,2020 A39 Ecological Forecasting Redacted,20-ECOF20-0020 Redacted
124,2020 A39 Ecological Forecasting Redacted,20-ECOF20-0021 Redacted
125,2020 A39 Ecological Forecasting Redacted,20-ECOF20-0024 Redacted
126,2020 A39 Ecological Forecasting Redacted,20-ECOF20-0028 Redacted
127,2020 Biodiversity Redacted,20-BIODIV20-0004 Redacted
128,2020 Biodiversity Redacted,20-BIODIV20-0022 Redacted
129,2020 Biodiversity Redacted,20-BIODIV20-0024 Redacted
130,2020 Biodiversity Redacted,20-BIODIV20-0032 Redacted
131,2020 Biodiversity Redacted,20-BIODIV20-0044 Redacted
132,2020 Biodiversity Redacted,20-BIODIV20-0046 Redacted
133,2020 Biodiversity Redacted,20-BIODIV20-0048 Redacted
134,2020 Biodiversity Redacted,20-BIODIV20-0049 Redacted
135,2020 Biodiversity Redacted,20-BIODIV20-0053 Redacted
136,2020 Biodiversity Redacted,20-BIODIV20-0074 Redacted
137,2020 Biodiversity Redacted,20-BIODIV20-0082 Redacted
138,2020 Biodiversity Redacted,20-BIODIV20-0089 Redacted
139,2020 Biodiversity Redacted,20-BIODIV20-0108 Redacted
140,2020 Biodiversity Redacted,20-BIODIV20-0112 Redacted
141,2020 IDS Redacted,19-IDS19-0045 Redacted
142,2020 IDS Redacted,19-IDS19-0073 Redacted
143,2021 Biodiversity (BioSCape) Redacted,21-BIODIV21-0001 Redacted
144,2021 Biodiversity (BioSCape) Redacted,21-BIODIV21-0002 Redacted
145,2021 Biodiversity (BioSCape) Redacted,21-BIODIV21-0005 Redacted
146,2021 Biodiversity (BioSCape) Redacted,21-BIODIV21-0007 Redacted
147,2021 Biodiversity (BioSCape) Redacted,21-BIODIV21-0008 Redacted
148,2021 Biodiversity (BioSCape) Redacted,21-BIODIV21-0009 Redacted
149,2021 Biodiversity (BioSCape) Redacted,21-BIODIV21-0010 Redacted
150,2021 Biodiversity (BioSCape) Redacted,21-BIODIV21-0011 Redacted
151,2021 Biodiversity (BioSCape) Redacted,21-BIODIV21-0013 Redacted
152,2021 Biodiversity (BioSCape) Redacted,21-BIODIV21-0014 Redacted
153,2021 Biodiversity (BioSCape) Redacted,21-BIODIV21-0015 Redacted
154,2021 Biodiversity (BioSCape) Redacted,21-BIODIV21-0016 Redacted
155,2021 Biodiversity (BioSCape) Redacted,21-BIODIV21-0017 Redacted
156,2022 Ecological Conservation Redacted,22-ECON22-0003 Redacted
157,2022 Ecological Conservation Redacted,22-ECON22-0008 Redacted
158,2022 Ecological Conservation Redacted,22-ECON22-0009 Redacted
159,2022 Ecological Conservation Redacted,22-ECON22-0010 Redacted
160,2022 Ecological Conservation Redacted,22-ECON22-0011 Redacted
161,2022 Ecological Conservation Redacted,22-ECON22-0012 Redacted
162,2022 Ecological Conservation Redacted,22-ECON22-0013 Redacted
163,2022 Ecological Conservation Redacted,22-ECON22-0015 Redacted
164,2022 Ecological Conservation Redacted,22-ECON22-0018 Redacted
165,2022 Ecological Conservation Redacted,22-ECON22-0022 Redacted
166,2022 Ecological Conservation Redacted,22-ECON22-0024 Redacted
167,2022 Ecological Conservation Redacted,22-ECON22-0026 Redacted
168,2022 Ecological Conservation Redacted,22-ECON22-0027 Redacted
169,2022 Ecological Conservation Redacted,22-ECON22-0028 Redacted
170,2022 Ecological Conservation Redacted,22-ECON22-0029 Redacted